,City,Lat,Lng,Temp,Humidity,Cloudiness,Wind Speed,Country,Date
0,Naze,28.3667,129.4833,50.92,60,100,6.2,JP,1644185565
1,Saskylakh,71.9167,114.0833,-23.28,100,96,2.37,RU,1644185531
2,San Patricio,28.017,-97.5169,66.29,59,51,6.78,US,1644185272
3,Hermanus,-34.4187,19.2345,67.8,95,11,5.66,ZA,1644185566
4,Kapaa,22.0752,-159.319,79.12,72,75,3.0,US,1644185567
5,Albany,42.6001,-73.9662,25.27,67,78,1.99,US,1644185356
6,Kattivākkam,13.2167,80.3167,79.07,77,98,6.71,IN,1644185567
7,Richards Bay,-28.783,32.0377,70.75,93,38,1.54,ZA,1644185568
8,Bredasdorp,-34.5322,20.0403,67.28,85,0,4.74,ZA,1644185569
9,Beaupré,47.0443,-70.8953,11.95,75,100,1.01,CA,1644185570
10,Aklavik,68.2191,-135.0107,-16.64,92,100,19.39,CA,1644185570
11,Chokurdakh,70.6333,147.9167,-40.22,100,86,2.51,RU,1644185571
12,Caravelas,-17.7125,-39.2481,78.03,83,6,7.45,BR,1644185571
13,Bluff,-46.6,168.3333,55.8,63,1,7.67,NZ,1644185572
14,Hualmay,-11.0964,-77.6139,73.47,71,83,8.46,PE,1644185572
15,Jamestown,42.097,-79.2353,33.71,32,0,10.36,US,1644185564
16,Talnakh,69.4865,88.3972,-27.72,99,55,1.63,RU,1644185503
17,Ushuaia,-54.8,-68.3,62.22,81,100,6.8,AR,1644185444
18,Ribeira Grande,38.5167,-28.7,61.43,84,11,9.17,PT,1644185574
19,Hobart,-42.8794,147.3294,63.27,77,20,1.01,AU,1644185406
20,Nuuk,64.1835,-51.7216,5.61,56,75,17.27,GL,1644185396
21,Chui,-33.6971,-53.4616,68.52,47,7,13.09,UY,1644185576
22,Pevek,69.7008,170.3133,-24.14,99,23,0.4,RU,1644185576
23,Touros,-5.1989,-35.4608,81.5,72,1,12.48,BR,1644185577
24,Bathsheba,13.2167,-59.5167,79.41,73,75,16.11,BB,1644185577
25,Punta Arenas,-53.15,-70.9167,69.82,72,75,8.05,CL,1644185578
26,Isangel,-19.55,169.2667,80.04,90,100,13.96,VU,1644185579
27,Nantucket,41.2835,-70.0995,30.31,65,20,8.05,US,1644185441
28,Sola,-13.8833,167.55,82.92,77,100,17.45,VU,1644185579
29,Geraldton,-28.7667,114.6,68.41,60,100,14.97,AU,1644185580
30,Kamenka,51.3223,42.7678,26.74,96,97,6.93,RU,1644185581
31,Tasiilaq,65.6145,-37.6368,21.36,59,100,44.74,GL,1644185581
32,Yellowknife,62.456,-114.3525,0.41,91,100,10.36,CA,1644185582
33,Guerrero Negro,27.9769,-114.0611,68.85,22,0,9.95,MX,1644185582
34,Bengkulu,-3.8004,102.2655,75.56,88,100,9.28,ID,1644185583
35,Lianzhou,24.7811,112.3825,52.03,99,100,1.59,CN,1644185583
36,Agen,44.2,0.6333,50.5,87,100,11.5,FR,1644185584
37,Sørland,67.667,12.6934,35.46,62,100,14.45,NO,1644185585
38,Champerico,14.3,-91.9167,84.04,61,7,10.22,GT,1644185585
39,Clyde River,70.4692,-68.5914,-30.77,68,0,8.05,CA,1644185586
40,Arraial do Cabo,-22.9661,-42.0278,80.46,74,40,17.27,BR,1644185587
41,Mataura,-46.1927,168.8643,55.47,53,4,1.95,NZ,1644185581
42,Torbay,47.6666,-52.7314,14.58,81,100,3.0,CA,1644185588
43,Mercedes,-34.6515,-59.4307,72.52,54,52,13.04,AR,1644185589
44,Port Alfred,-33.5906,26.891,74.61,82,87,15.35,ZA,1644185515
45,Rome,43.2128,-75.4557,30.06,62,0,11.5,US,1644185590
46,Samagaltay,50.6022,95.0047,-19.75,96,70,1.16,RU,1644185590
47,Bucerías,20.75,-105.3333,76.98,69,75,11.5,MX,1644185591
48,Mount Gambier,-37.8333,140.7667,71.53,36,0,6.98,AU,1644185592
49,Atuona,-9.8,-139.0333,77.88,78,9,18.14,PF,1644185592
50,Siyabuswa,-25.1132,29.0445,67.5,68,36,10.2,ZA,1644185653
51,Aykhal,66.0,111.5,-11.04,98,100,5.64,RU,1644185654
52,Rikitea,-23.1203,-134.9692,79.25,70,3,17.38,PF,1644185399
53,Saint-Philippe,-21.3585,55.7679,76.59,81,100,13.15,RE,1644185654
54,Hithadhoo,-0.6,73.0833,82.02,72,21,13.31,MV,1644185598
55,Kirovo-Chepetsk,58.5539,50.0399,21.22,97,100,3.44,RU,1644185656
56,La Ronge,55.1001,-105.2842,15.33,95,100,8.03,CA,1644185656
57,Gēdo,9.0167,37.45,57.65,42,88,2.44,ET,1644185657
58,Butaritari,3.0707,172.7902,81.86,76,38,16.87,KI,1644185658
59,Castro,-24.7911,-50.0119,68.9,81,62,0.98,BR,1644185658
60,Pyapon,16.2833,95.6833,67.73,68,72,7.36,MM,1644185659
61,Rudnichnyy,59.617,52.4703,18.55,94,100,6.33,RU,1644185659
62,Qaanaaq,77.484,-69.3632,-13.5,60,30,7.11,GL,1644185660
63,Khatanga,71.9667,102.5,-16.67,98,99,8.7,RU,1644185660
64,Praia da Vitória,38.7333,-27.0667,59.76,100,75,16.6,PT,1644185661
65,Sur,22.5667,59.5289,70.45,68,1,6.4,OM,1644185662
66,San Luis Río Colorado,32.4631,-114.7767,78.6,9,0,16.93,MX,1644185662
67,Sretensk,52.2453,117.7093,-18.09,100,97,2.26,RU,1644185663
68,Amarpur,25.0333,86.9,55.56,76,5,2.64,IN,1644185664
69,Tuktoyaktuk,69.4541,-133.0374,-18.22,98,100,13.73,CA,1644185664
70,Baruun-Urt,46.6806,113.2792,-1.64,89,8,6.82,MN,1644185665
71,Puerto Escondido,15.85,-97.0667,83.23,61,0,4.61,MX,1644185665
72,Avarua,-21.2078,-159.775,82.45,83,65,14.97,CK,1644185666
73,Busselton,-33.65,115.3333,53.1,66,63,18.12,AU,1644185666
74,Hilo,19.7297,-155.09,76.24,83,100,10.36,US,1644185552
75,Khuzhir,53.1939,107.3397,12.13,88,75,4.61,RU,1644185533
76,Port Augusta,-32.5,137.7667,79.7,27,10,17.52,AU,1644185668
77,Vaini,-21.2,-175.2,77.16,100,100,16.11,TO,1644185668
78,Nome,64.5011,-165.4064,1.47,55,0,4.61,US,1644185374
79,Alta Floresta,-9.8756,-56.0861,76.93,91,75,1.79,BR,1644185669
80,Rørvik,64.8621,11.2373,32.11,86,75,6.91,NO,1644185670
81,Saint George,37.1041,-113.5841,63.07,17,0,3.0,US,1644185670
82,Faanui,-16.4833,-151.75,81.59,75,100,20.33,PF,1644185671
83,Hervey Bay,-25.2986,152.8535,71.04,75,42,13.96,AU,1644185671
84,Avera,33.194,-82.5271,48.88,52,100,6.44,US,1644185672
85,Sisa,-6.6167,-76.6915,86.52,95,100,1.32,PE,1644185673
86,Cape Town,-33.9258,18.4232,66.27,81,20,4.61,ZA,1644185670
87,Guaranésia,-21.2992,-46.8025,69.46,97,100,2.46,BR,1644185673
88,Pisco,-13.7,-76.2167,69.85,83,39,8.05,PE,1644185674
89,Provideniya,64.3833,-173.3,3.31,66,0,4.47,RU,1644185674
90,Östersund,63.1792,14.6357,25.61,100,100,9.22,SE,1644185675
91,Saint Paul Harbor,57.79,-152.4072,36.91,60,0,13.8,US,1644185677
92,Kozhva,65.1073,57.0459,14.34,82,79,9.86,RU,1644185678
93,Shimoda,34.6667,138.95,36.1,83,69,4.92,JP,1644185678
94,Qandala,11.472,49.8728,74.16,59,97,4.14,SO,1644185679
95,New Norfolk,-42.7826,147.0587,63.75,69,2,2.48,AU,1644185679
96,Sandpoint,48.2766,-116.5533,47.16,84,0,0.0,US,1644185589
97,Mar del Plata,-38.0023,-57.5575,64.87,83,100,23.0,AR,1644185658
98,Thompson,55.7435,-97.8558,-2.02,86,7,7.9,CA,1644185661
99,Taree,-31.9,152.4667,69.06,83,35,8.01,AU,1644185681
100,Lompoc,34.6391,-120.4579,79.79,40,0,18.41,US,1644185737
101,Chojnice,53.6955,17.557,38.3,96,100,14.29,PL,1644185742
102,Carutapera,-1.195,-46.02,76.69,92,100,6.49,BR,1644185743
103,Jaciara,-15.9653,-54.9683,75.15,89,100,1.41,BR,1644185744
104,Kifrī,34.6959,44.9661,46.87,46,90,2.75,IQ,1644185744
105,Vostok,46.4856,135.8833,-9.17,99,99,3.8,RU,1644185745
106,Maturin,9.75,-63.1767,84.04,55,51,10.38,VE,1644185745
107,Orbe,46.725,6.5307,44.13,96,100,19.66,CH,1644185746
108,Airai,-8.9266,125.4092,60.71,89,89,2.01,TL,1644185746
109,Puerto Ayora,-0.7393,-90.3518,85.96,88,43,5.99,EC,1644185747
110,Bagotville,-28.9833,153.4167,67.64,90,88,14.58,AU,1644185592
111,Olafsvik,64.8945,-23.7142,28.47,72,100,21.59,IS,1644185748
112,Araouane,18.9048,-3.5265,67.33,10,0,8.66,ML,1644185749
113,Varadero,23.1536,-81.2514,79.56,73,8,16.64,CU,1644185749
114,Cabo San Lucas,22.8909,-109.9124,74.61,61,0,1.01,MX,1644185750
115,Olinda,-8.0089,-34.8553,82.13,65,20,6.91,BR,1644185512
116,Visby,57.6409,18.296,35.82,87,100,8.05,SE,1644185751
117,Norman Wells,65.282,-126.8329,-12.96,64,75,19.57,CA,1644185752
118,Nouakchott,18.0858,-15.9785,67.93,64,6,14.16,MR,1644185752
119,Saint-Pierre,-21.3393,55.4781,76.68,83,0,6.91,RE,1644185753
120,Gao,16.6362,1.637,66.72,11,0,11.25,ML,1644185753
121,Vanavara,60.34,102.2797,-17.09,100,97,1.59,RU,1644185754
122,Warmbad,-28.45,18.7333,81.01,39,59,5.39,NA,1644185754
123,Kavieng,-2.5744,150.7967,82.36,74,61,2.39,PG,1644185755
124,Hong Kong,22.2855,114.1577,61.25,85,100,8.99,HK,1644185518
125,Ancud,-41.8697,-73.8203,71.42,70,8,7.47,CL,1644185756
126,Gorontalo,0.5412,123.0595,73.26,94,95,3.65,ID,1644185757
127,Grand Forks,47.9417,-97.4337,3.78,65,0,8.05,US,1644185757
128,Nikolskoye,59.7035,30.7861,35.87,95,100,12.24,RU,1644185758
129,Narsaq,60.9167,-46.05,7.02,83,100,1.61,GL,1644185758
130,Kochi,9.9399,76.2602,75.18,85,11,5.77,IN,1644185759
131,Los Llanos de Aridane,28.6585,-17.9182,62.35,70,40,18.99,ES,1644185760
132,Longyearbyen,78.2186,15.6401,17.44,67,20,12.66,SJ,1644185760
133,Nelson Bay,-32.7167,152.15,73.45,67,72,4.0,AU,1644185761
134,Poronaysk,49.2167,143.1167,-1.68,94,72,6.04,RU,1644185762
135,Semnan,35.5729,53.3971,35.44,48,0,0.0,IR,1644185762
136,Anadyr,64.75,177.4833,-19.7,76,0,6.71,RU,1644185763
137,Bell Ville,-32.6259,-62.6887,73.56,33,0,10.09,AR,1644185478
138,Gravelbourg,49.8834,-106.5512,34.07,90,100,8.81,CA,1644185764
139,Victor Harbor,-35.5667,138.6167,80.73,56,0,12.17,AU,1644185765
140,Machilipatnam,16.1667,81.1333,71.78,78,99,5.08,IN,1644185766
141,Namatanai,-3.6667,152.4333,82.9,71,35,3.74,PG,1644185766
142,Pio IX,-6.8375,-40.5792,76.05,64,31,5.55,BR,1644185767
143,São Filipe,14.8961,-24.4956,73.02,75,0,7.0,CV,1644185768
144,Edremit,39.5961,27.0244,38.95,93,0,5.75,TR,1644185768
145,Bayir,37.2687,28.2167,34.32,67,1,2.42,TR,1644185769
146,São João da Barra,-21.6403,-41.0511,77.47,85,0,20.54,BR,1644185769
147,Bambous Virieux,-20.3428,57.7575,79.21,89,40,9.22,MU,1644185770
148,Klaksvík,62.2266,-6.589,34.72,55,89,35.81,FO,1644185770
149,Esmeralda,21.8525,-78.1169,81.64,46,3,12.24,CU,1644185771
150,Yichun,47.7,128.9,-6.16,100,100,2.33,CN,1644185832
151,Khovd,48.0056,91.6419,-14.37,71,14,3.74,MN,1644185832
152,Port Hedland,-20.3167,118.5667,77.05,100,40,3.44,AU,1644185832
153,Port Elizabeth,-33.918,25.5701,74.1,68,0,5.75,ZA,1644185833
154,Pusztaszer,46.5508,19.9882,47.1,71,100,14.09,HU,1644185833
155,Hasaki,35.7333,140.8333,27.0,42,3,16.22,JP,1644185834
156,East London,-33.0153,27.9116,72.82,84,24,15.79,ZA,1644185835
157,Meulaboh,4.1363,96.1285,74.66,91,100,4.03,ID,1644185804
158,Hurghada,27.2574,33.8129,57.24,54,0,10.36,EG,1644185835
159,Dakoro,14.5106,6.765,65.44,11,0,12.01,NE,1644185836
160,Jumla,29.2747,82.1838,33.69,58,94,4.18,NP,1644185838
161,Salta,-24.7859,-65.4117,61.57,81,100,1.99,AR,1644185838
162,Ayagoz,47.9714,80.4392,-9.8,92,4,3.65,KZ,1644185839
163,Filingué,14.3521,3.3168,72.1,12,0,9.84,NE,1644185839
164,Sobolevo,54.4299,31.8996,30.13,95,100,15.1,RU,1644185840
165,George Town,5.4112,100.3354,76.95,93,40,2.3,MY,1644185777
166,Iqaluit,63.7506,-68.5145,-38.31,65,0,8.01,CA,1644185732
167,Bambanglipuro,-7.95,110.2833,76.24,87,100,4.21,ID,1644185841
168,Tiznit Province,29.5833,-9.5,62.33,37,6,3.51,MA,1644185841
169,Meridian,43.6121,-116.3915,43.92,57,0,1.01,US,1644185842
170,Belaya Gora,68.5333,146.4167,-43.91,100,67,1.83,RU,1644185843
171,Alofi,-19.0595,-169.9187,82.29,83,100,8.05,NU,1644185843
172,Dikson,73.5069,80.5464,-19.32,99,94,11.43,RU,1644185844
173,Pskov,57.8136,28.3496,33.71,93,100,11.18,RU,1644185844
174,Condega,13.365,-86.3985,78.19,49,97,8.41,NI,1644185845
175,Port Lincoln,-34.7333,135.8667,73.6,59,0,14.25,AU,1644185845
176,Vao,-22.6667,167.4833,80.4,82,77,2.3,NC,1644185846
177,Itaberaba,-12.5275,-40.3069,78.62,65,100,4.92,BR,1644185847
178,Khrebtovaya,56.7032,104.2494,6.21,98,100,3.0,RU,1644185848
179,Wasilla,61.5814,-149.4394,29.39,91,100,3.44,US,1644185716
180,Severo-Kuril'sk,50.6789,156.125,29.26,90,100,12.55,RU,1644185670
181,Laas,46.6166,10.7002,41.88,66,100,4.76,IT,1644185849
182,Casa Branca,-21.7739,-47.0864,76.03,94,100,3.47,BR,1644185850
183,Ilulissat,69.2167,-51.1,1.42,71,100,8.05,GL,1644185850
184,Port Pirie,-33.1833,138.0167,79.97,31,1,17.98,AU,1644185851
185,Natal,-5.795,-35.2094,82.62,69,0,9.22,BR,1644185851
186,Lagoa,39.05,-27.9833,59.83,86,46,14.97,PT,1644185710
187,Cherskiy,68.75,161.3,-31.4,100,22,1.77,RU,1644185852
188,Lorengau,-2.0226,147.2712,81.86,80,100,6.46,PG,1644185853
189,Tucuruí,-3.7661,-49.6725,76.12,93,97,3.22,BR,1644185853
190,Cananea,30.95,-110.3,60.75,19,0,6.62,MX,1644185853
191,Hobyo,5.3505,48.5268,76.33,70,66,17.25,SO,1644185854
192,Mahrīz,31.5917,54.4318,37.9,26,0,1.92,IR,1644185854
193,Odlābāri,26.8333,88.6167,58.64,72,94,2.64,IN,1644185855
194,Donnacona,46.6804,-71.7239,11.03,56,100,4.61,CA,1644185778
195,Hambantota,6.1241,81.1185,74.64,73,92,8.41,LK,1644185855
196,Taltal,-25.4,-70.4833,70.09,64,23,4.16,CL,1644185856
197,Lüderitz,-26.6481,15.1594,69.46,71,37,3.44,NA,1644185856
198,Santa Maria,-29.6842,-53.8069,76.77,34,5,10.36,BR,1644185857
199,Lavrentiya,65.5833,-171.0,-11.72,92,15,6.33,RU,1644185858
200,Kholm-Zhirkovskiy,55.5189,33.4731,28.65,96,100,13.02,RU,1644185918
201,Valparaíso,-33.0393,-71.6273,66.47,80,75,5.75,CL,1644185905
202,Khani,41.9563,42.9566,24.37,98,100,0.49,GE,1644185920
203,Mossamedes,-15.1961,12.1522,74.48,66,100,11.81,AO,1644185920
204,Goundam,16.4145,-3.6708,69.53,11,0,10.51,ML,1644185921
205,Nokaneng,-19.6667,22.2667,70.95,63,30,6.44,BW,1644185921
206,Soto la Marina,23.7667,-98.2167,69.78,44,33,14.88,MX,1644185922
207,Brae,60.3964,-1.353,39.11,54,61,34.99,GB,1644185922
208,Husavik,66.0449,-17.3389,21.11,83,99,5.82,IS,1644185923
209,Singaraja,-8.112,115.0882,77.97,84,98,2.86,ID,1644185923
210,Pakxan,18.3778,103.6601,64.53,82,86,3.49,LA,1644185924
211,Gondanglegi,-7.7479,112.0132,74.43,96,100,4.25,ID,1644185924
212,Bethel,41.3712,-73.414,28.49,62,0,6.91,US,1644185925
213,Cururupu,-1.8283,-44.8683,75.78,93,77,3.4,BR,1644185926
214,Luksuhin,14.0967,120.8808,72.3,89,86,8.66,PH,1644185926
215,Leningradskiy,69.3833,178.4167,-23.64,99,27,5.12,RU,1644185703
216,Turtas,58.9417,69.1325,10.4,93,100,6.71,RU,1644185927
217,Bayan,46.0833,127.4,-12.44,100,93,2.68,CN,1644185928
218,Sorong,-0.8833,131.25,79.43,83,99,10.56,ID,1644185928
219,Kargala,56.6208,83.9607,5.95,92,99,5.44,RU,1644185929
220,Kerman,30.2832,57.0788,30.06,51,0,0.0,IR,1644185929
221,Ishinomaki,38.4167,141.3,26.6,67,12,15.9,JP,1644185930
222,Savannah Bight,16.45,-85.85,78.85,67,22,5.93,HN,1644185913
223,Sidi Ali,36.0998,0.4206,50.61,85,0,7.05,DZ,1644185931
224,San Cristobal,7.7669,-72.225,73.58,62,81,1.16,VE,1644185817
225,Eureka,40.8021,-124.1637,68.67,53,3,5.1,US,1644185931
226,Bara,10.3744,10.7288,70.7,21,0,8.99,NG,1644185932
227,Kaduqli,11.0167,29.7167,67.62,16,14,11.65,SD,1644185932
228,Foam Lake,51.65,-103.5343,15.82,95,82,8.32,CA,1644185805
229,São Desidério,-12.3633,-44.9733,70.97,95,100,4.56,BR,1644185933
230,San Borja,-14.8167,-66.85,71.11,97,99,5.79,BO,1644185934
231,Mocoa,1.1493,-76.6466,78.03,87,78,2.33,CO,1644185634
232,Karlstad,59.3793,13.5036,28.96,100,26,5.75,SE,1644185935
233,Port Macquarie,-31.4333,152.9167,68.36,75,86,13.51,AU,1644185935
234,Burgeo,47.6167,-57.6152,15.22,68,85,15.3,CA,1644185936
235,Sabang,5.8933,95.3214,78.12,84,100,11.95,ID,1644185936
236,Esperance,-33.8667,121.9,62.82,59,63,24.92,AU,1644185937
237,Portland,45.5234,-122.6762,63.59,66,40,1.01,US,1644185854
238,Barrow,71.2906,-156.7887,-25.58,68,0,13.8,US,1644185938
239,Constitución,-35.3333,-72.4167,68.74,59,9,11.21,CL,1644185939
240,Vorotynets,56.0603,45.8633,-5.67,100,83,3.65,RU,1644185939
241,Maradi,13.5,7.1017,66.92,14,0,10.69,NE,1644185940
242,Upernavik,72.7868,-56.1549,-14.24,99,100,10.02,GL,1644185650
243,Kaitangata,-46.2817,169.8464,57.92,73,3,4.36,NZ,1644185734
244,Belmonte,-15.8631,-38.8828,81.1,83,15,7.36,BR,1644185941
245,Alexandria,31.2156,29.9553,51.76,82,0,3.44,EG,1644185942
246,Kuching,1.55,110.3333,75.42,100,40,5.75,MY,1644185942
247,Brownwood,31.7093,-98.9912,58.32,34,0,4.61,US,1644185943
248,Asău,46.4333,26.4,37.4,70,100,6.2,RO,1644185739
249,Fengzhen,40.4394,113.1536,14.09,48,100,4.85,CN,1644185943
250,Bandarbeyla,9.4942,50.8122,75.24,74,75,14.32,SO,1644185705
251,Chissamba,-12.1667,17.3333,62.91,63,100,4.38,AO,1644186005
252,Nishihara,26.1842,127.7558,58.28,59,75,8.05,JP,1644186005
253,Banda Aceh,5.5577,95.3222,76.08,90,100,6.13,ID,1644186006
254,Mehamn,71.0357,27.8492,19.31,87,29,14.07,NO,1644185871
255,Sungai Penuh,-2.0833,101.3833,62.38,91,99,1.45,ID,1644186006
256,Lebu,-37.6167,-73.65,64.06,74,0,13.89,CL,1644186007
257,Abonnema,4.7084,6.7931,80.15,75,0,7.58,NG,1644186007
258,Bushehr,28.9684,50.8385,59.09,67,0,13.8,IR,1644186008
259,Saint Anthony,45.0205,-93.218,17.8,66,100,4.0,US,1644185724
260,Chicama,-7.8447,-79.1469,70.34,63,94,9.64,PE,1644186009
261,Birao,10.2849,22.7882,65.82,16,80,6.58,CF,1644186009
262,Alakurtti,66.9672,30.3491,13.3,95,100,9.15,RU,1644186010
263,Deloraine,-41.5333,146.6667,62.35,55,6,1.92,AU,1644186010
264,Quelimane,-17.8786,36.8883,73.08,97,98,4.27,MZ,1644186011
265,Sidhi,24.4167,81.8833,51.98,48,0,2.37,IN,1644186011
266,Palauig,15.435,119.9045,76.87,73,85,3.15,PH,1644186012
267,Sitka,57.0531,-135.33,42.69,81,100,11.5,US,1644186012
268,Bubaque,11.2833,-15.8333,77.67,72,3,17.43,GW,1644186013
269,Chapleau,47.8405,-83.4034,21.29,79,100,4.61,CA,1644186013
270,Nanortalik,60.1432,-45.2371,17.08,65,100,24.32,GL,1644186014
271,Grindavik,63.8424,-22.4338,28.87,69,100,13.8,IS,1644186015
272,São Paulo de Olivença,-3.3783,-68.8725,79.07,93,74,2.89,BR,1644186015
273,Kon Tum,14.35,108.0,60.55,97,98,2.35,VN,1644186016
274,Mangochi,-14.4782,35.2645,68.95,90,12,0.81,MW,1644186016
275,Salalah,17.0151,54.0924,77.09,31,0,10.36,OM,1644186017
276,Zhigansk,66.7697,123.3711,-28.66,99,95,5.59,RU,1644185908
277,Dalvik,65.9702,-18.5286,21.13,90,99,6.33,IS,1644186017
278,Jiuquan,39.7432,98.5174,9.93,96,73,2.17,CN,1644186018
279,Kwang Binh,17.4833,106.6,66.31,90,97,3.76,VN,1644186018
280,Souillac,-20.5167,57.5167,79.36,89,40,9.22,MU,1644186019
281,Dąbrowa Tarnowska,50.1746,20.9863,43.54,66,100,21.34,PL,1644186020
282,Tiksi,71.6872,128.8694,-15.79,99,100,4.83,RU,1644186020
283,Diré,12.2833,-10.9667,80.13,11,2,2.77,ML,1644186021
284,Kosh-Agach,50.0,88.6667,-24.54,83,58,2.89,RU,1644186021
285,Chennai,13.0878,80.2785,78.96,77,20,0.0,IN,1644185909
286,Portobelo,9.55,-79.65,86.86,68,11,8.68,PA,1644186022
287,Calama,-22.4667,-68.9333,75.69,9,1,24.16,CL,1644185794
288,Kenai,60.5544,-151.2583,25.14,94,0,3.44,US,1644186023
289,Mpika,-11.8343,31.4529,60.24,98,100,1.81,ZM,1644186023
290,Vuktyl,63.8567,57.3094,14.5,78,97,10.56,RU,1644186024
291,Jacareacanga,-6.2222,-57.7528,79.0,86,99,1.16,BR,1644186025
292,Kerrville,30.0474,-99.1403,61.56,33,0,3.0,US,1644185939
293,Baykit,61.67,96.37,-3.98,99,99,2.21,RU,1644186025
294,Tākestān,36.0696,49.6959,30.33,58,29,6.55,IR,1644186026
295,Tevaitoa,-16.7833,-151.5,81.36,75,100,21.23,PF,1644186026
296,Te Anau,-45.4167,167.7167,55.54,58,23,0.85,NZ,1644186027
297,Tres Picos,15.8667,-93.5333,89.1,41,7,5.06,MX,1644186027
298,Muriti,-1.9833,32.9167,73.35,61,55,3.56,TZ,1644186028
299,The Valley,18.217,-63.0578,77.14,73,75,12.66,AI,1644185964
300,Cidreira,-30.1811,-50.2056,74.14,68,2,15.93,BR,1644186089
301,Bahía Blanca,-38.7196,-62.2724,68.05,65,15,11.99,AR,1644186089
302,Kalmunai,7.4167,81.8167,75.04,81,95,8.05,LK,1644186090
303,Camacha,33.0833,-16.3333,60.22,67,75,14.97,PT,1644185977
304,College,64.8569,-147.8028,-2.72,78,75,0.0,US,1644186091
305,Paamiut,61.994,-49.6678,4.14,81,100,12.26,GL,1644186013
306,Canarana,-11.6847,-41.7689,74.66,71,100,6.22,BR,1644186092
307,Ambulu,-8.345,113.6058,75.52,91,100,3.71,ID,1644186092
308,Jiayuguan City,39.8167,98.3,8.87,96,77,1.95,CN,1644186093
309,Vera Cruz,-12.6333,-41.0333,72.77,81,100,2.51,BR,1644186093
310,Lata,40.1629,-8.3327,52.81,64,46,3.96,PT,1644186076
311,Adrar,20.5022,-10.0711,68.58,10,0,9.55,MR,1644185937
312,Maniitsoq,65.4167,-52.9,4.15,75,100,15.26,GL,1644185864
313,Pangoa,-12.1167,-73.0,77.14,77,100,0.74,PE,1644186095
314,Tezu,27.9167,96.1667,49.82,83,65,4.12,IN,1644186096
315,Vágur,61.4732,-6.8119,37.9,51,63,32.01,FO,1644186096
316,Elizabeth City,36.2946,-76.2511,41.02,74,100,16.11,US,1644185896
317,Bairiki Village,1.3292,172.9752,86.0,70,40,10.36,KI,1644186097
318,Saldanha,-33.0117,17.9442,66.25,96,25,9.73,ZA,1644186097
319,Turaif,31.6725,38.6637,43.05,87,0,6.91,SA,1644186098
320,Kyrylivka,46.3759,35.3675,36.3,83,83,13.65,UA,1644186099
321,Beringovskiy,63.05,179.3167,-17.41,97,37,6.55,RU,1644185995
322,Port Townsend,48.117,-122.7605,55.0,83,0,3.0,US,1644186100
323,Itamaraju,-17.0392,-39.5311,75.31,84,40,6.15,BR,1644186100
324,Kruisfontein,-34.0033,24.7314,71.89,58,100,6.82,ZA,1644186101
325,Yangi Marg`ilon,40.4272,71.7189,39.92,81,75,2.3,UZ,1644186047
326,Beloha,-25.1667,45.05,74.16,94,100,17.94,MG,1644185996
327,San Jose de Guanipa,8.8872,-64.1651,86.63,45,55,13.8,VE,1644186101
328,Ahipara,-35.1667,173.1667,75.34,93,99,6.49,NZ,1644186102
329,Hearst,49.6835,-83.6665,8.85,93,100,8.99,CA,1644186102
330,Bardstown,37.8092,-85.4669,46.09,55,0,6.91,US,1644186103
331,Dingle,10.9995,122.6711,73.0,91,85,8.34,PH,1644185907
332,Lixouri,38.2019,20.4314,53.8,84,18,1.9,GR,1644186104
333,Lokosovo,61.1333,74.8167,-5.37,100,36,5.61,RU,1644186104
334,Panama City,8.9936,-79.5197,88.93,50,40,9.22,PA,1644185916
335,Anáhuac,27.2333,-100.15,65.7,26,3,7.61,MX,1644186105
336,Buchanan,5.8808,-10.0467,76.96,83,16,7.02,LR,1644186013
337,Miskindzha,41.424,47.8467,16.83,60,8,7.9,RU,1644186106
338,Nador,35.174,-2.9287,57.45,82,40,8.05,MA,1644186106
339,Ponta do Sol,32.6667,-17.1,63.23,71,10,12.37,PT,1644186107
340,Tigil',57.8,158.6667,4.8,85,83,5.41,RU,1644186107
341,Dabat,12.9842,37.765,51.58,52,2,3.33,ET,1644186108
342,Carnarvon,-24.8667,113.6333,71.67,64,11,21.56,AU,1644185929
343,Waipawa,-41.4122,175.5153,60.46,76,100,12.08,NZ,1644186109
344,Ürümqi,43.801,87.6005,0.55,78,11,0.0,CN,1644186109
345,Kincardine,56.0667,-3.7167,38.16,80,2,10.83,GB,1644186110
346,Arrondissement d'Ajaccio,42.0,8.9167,48.69,87,75,6.91,FR,1644186049
347,Horasan,40.0458,42.1728,0.99,96,79,1.39,TR,1644186111
348,Soyo,-6.1349,12.3689,77.41,84,41,6.02,AO,1644186111
349,Verkhnevilyuysk,63.4453,120.3167,-8.41,98,100,6.24,RU,1644186112
350,Auki,-8.7676,160.7034,81.73,84,100,9.37,SB,1644186172
351,Katsuura,35.1333,140.3,35.71,49,40,11.7,JP,1644186077
352,Makakilo City,21.3469,-158.0858,80.92,59,75,11.5,US,1644186173
353,Arkansas City,37.062,-97.0384,50.85,53,0,11.5,US,1644186173
354,Dwārka,22.2394,68.9678,68.09,63,5,8.19,IN,1644186174
355,Le Port,-20.9373,55.2919,77.0,76,98,11.27,RE,1644186161
356,Alice Springs,-23.7,133.8833,65.75,77,0,0.0,AU,1644185964
357,Cookeville,36.1628,-85.5016,49.71,41,0,0.0,US,1644186175
358,Maceió,-9.6658,-35.7353,78.24,78,0,8.05,BR,1644186069
359,Abhā,18.2164,42.5053,52.05,54,0,0.0,SA,1644186176
360,Terney,45.0503,136.6092,4.51,80,13,11.41,RU,1644186176
361,Synya,65.3718,58.0387,-6.29,98,48,2.86,RU,1644186177
362,Oyama,36.3,139.8,36.59,36,0,6.62,JP,1644186177
363,Yar-Sale,66.8333,70.8333,-10.73,100,85,7.85,RU,1644185947
364,Ransang,8.9603,117.5828,77.25,84,100,5.75,PH,1644186178
365,Rundu,-17.9333,19.7667,69.31,75,96,6.2,NA,1644186040
366,Bereda,43.2686,-7.5406,46.15,98,67,1.92,ES,1644186179
367,Ndélé,8.4109,20.6473,71.22,17,70,6.51,CF,1644186081
368,Beli Manastir,45.77,18.6036,48.16,78,100,12.1,HR,1644186180
369,Havre-St-Pierre,50.2334,-63.5986,6.8,60,40,12.66,CA,1644185929
370,Pangnirtung,66.1451,-65.7125,-33.61,98,100,1.99,CA,1644186129
371,Utete,-7.986,38.758,73.09,96,100,0.89,TZ,1644186181
372,Sabzawār,36.2126,57.6819,36.7,66,65,3.83,IR,1644186182
373,Sibolga,1.7427,98.7792,74.71,88,98,3.53,ID,1644186182
374,Micheweni,-4.9667,39.8333,79.72,86,100,7.07,TZ,1644186184
375,At-Bashi,41.1702,75.8106,12.69,95,100,1.14,KG,1644186184
376,Sabha,27.0377,14.4283,58.53,20,59,8.1,LY,1644186185
377,Coruripe,-10.1256,-36.1756,80.06,77,1,12.48,BR,1644186031
378,Iberia,29.9502,-91.7507,57.96,33,0,3.44,US,1644186185
379,Malkara,40.89,26.9011,39.06,81,0,5.14,TR,1644186186
380,Leh,34.1667,77.5833,11.03,91,96,2.53,IN,1644186187
381,Sairang,23.8,92.6667,47.37,95,8,2.46,IN,1644186187
382,Margate,51.3813,1.3862,44.96,65,66,15.99,GB,1644186188
383,La Serena,-29.9078,-71.2542,65.71,77,40,12.66,CL,1644186117
384,Buin,-33.7333,-70.75,93.42,27,0,11.36,CL,1644186188
385,Mahébourg,-20.4081,57.7,79.25,89,40,9.22,MU,1644186189
386,Verkh-Usugli,52.7,115.1667,-11.15,99,35,2.8,RU,1644186190
387,Weihe,32.9952,105.3247,27.28,94,98,2.17,CN,1644186190
388,Brewster,41.3973,-73.6171,28.96,68,0,6.91,US,1644186190
389,Dāsna,28.6833,77.5333,53.74,66,57,3.13,IN,1644186191
390,Batagay,67.6333,134.6333,-33.97,96,100,2.17,RU,1644186191
391,Prince Rupert,54.3161,-130.3201,48.29,71,100,23.02,CA,1644186162
392,Laguna,38.421,-121.4238,71.65,46,0,3.0,US,1644186192
393,Aksarka,66.5606,67.7975,-15.86,100,92,6.58,RU,1644186193
394,Māngrol,21.1167,70.1167,64.63,76,6,8.97,IN,1644185986
395,Kumul,42.8,93.45,25.14,36,15,9.08,CN,1644186112
396,Ixtapa,20.7,-105.2,76.23,69,75,11.5,MX,1644186194
397,Skibbereen,51.55,-9.2667,50.11,85,93,13.31,IE,1644186194
398,Sioux Lookout,50.1001,-91.917,10.78,67,20,4.61,CA,1644185947
399,Ferme-Neuve,46.7001,-75.4493,10.18,92,100,8.52,CA,1644186195
400,Atar,20.5169,-13.0499,73.53,10,0,5.41,MR,1644186256
401,Twin Falls,42.3505,-114.6445,30.94,74,0,4.61,US,1644186110
402,Batagay-Alyta,67.8006,130.4114,-24.38,98,100,2.84,RU,1644186257
403,Merauke,-8.4667,140.3333,81.48,81,100,6.51,ID,1644186257
404,Nhlangano,-27.1167,31.2,60.22,97,43,3.15,SZ,1644186258
405,Al Bardīyah,31.7561,25.0865,57.81,59,37,6.11,LY,1644186258
406,Codrington,-38.2667,141.9667,67.35,53,0,8.93,AU,1644185964
407,Rock Sound,24.9,-76.2,74.59,64,9,14.92,BS,1644186259
408,Xiongzhou,25.1167,114.3,50.41,98,100,0.63,CN,1644186260
409,Whitehorse,60.7161,-135.0538,35.1,87,100,10.0,CA,1644186035
410,Fortuna,40.5982,-124.1573,68.41,93,0,11.5,US,1644186051
411,Ranau,5.9538,116.6641,68.65,97,100,1.32,MY,1644186261
412,Dakar,14.6937,-17.4441,70.68,78,0,15.97,SN,1644185991
413,Wolgast,54.05,13.7667,37.85,90,73,14.41,DE,1644186261
414,Kununurra,-15.7667,128.7333,76.98,94,100,6.91,AU,1644186262
415,Honiara,-9.4333,159.95,83.44,79,100,7.36,SB,1644186089
416,Maridi,4.9158,29.4742,69.73,24,28,4.21,SS,1644186262
417,Sungai Raya,0.7,108.9,76.06,93,100,5.91,ID,1644186263
418,Ketchikan,55.3422,-131.6461,45.07,93,100,18.41,US,1644186100
419,Vlasenica,44.1819,18.9406,37.62,94,55,6.15,BA,1644186264
420,Quatre Cocos,-20.2078,57.7625,79.09,83,92,9.26,MU,1644186264
421,Riohacha,11.5444,-72.9072,82.51,74,0,16.11,CO,1644186169
422,Luoyang,34.6836,112.4536,32.27,55,100,3.74,CN,1644186265
423,Itinga,-16.6131,-41.7653,73.24,90,100,1.1,BR,1644186265
424,Kostelec na Hané,49.514,17.0582,46.4,84,100,1.99,CZ,1644186266
425,Yerbogachën,61.2767,108.0108,-11.4,100,97,1.72,RU,1644186266
426,Srostki,52.4189,85.7022,-5.26,97,34,4.05,RU,1644186266
427,Ust'-Omchug,61.15,149.6333,-28.21,80,1,1.95,RU,1644186267
428,Tonantins,-2.8731,-67.8022,82.29,77,62,1.7,BR,1644186267
429,Belyy Yar,53.6039,91.3903,-14.91,84,100,4.47,RU,1644186268
430,Thatta,24.7475,67.9235,66.49,75,0,7.76,PK,1644186268
431,Hirado,33.3597,129.5531,40.35,54,94,8.41,JP,1644186269
432,Rigaud,45.4793,-74.3024,21.33,67,100,5.68,CA,1644186269
433,Paciran,-6.8767,112.3761,77.34,89,100,6.71,ID,1644186270
434,Nizhnyaya Omka,55.4338,74.9426,-3.41,94,96,5.08,RU,1644186270
435,Khor,47.8861,134.9464,-2.15,98,100,3.24,RU,1644186271
436,Agadez,19.75,10.25,58.77,15,0,5.32,NE,1644186271
437,Kikwit,-5.041,18.8162,72.36,91,100,0.81,CD,1644186272
438,Palmer,42.1584,-72.3287,27.21,47,40,10.36,US,1644186273
439,Broome,42.2506,-75.833,27.84,71,0,3.0,US,1644186273
440,Tutóia,-2.7619,-42.2744,84.18,82,27,11.7,BR,1644186030
441,Imbituba,-28.24,-48.6703,78.69,82,52,6.04,BR,1644186274
442,Campo Grande,-20.4428,-54.6464,76.55,78,75,8.05,BR,1644186271
443,Gijang,35.2442,129.2139,28.13,47,5,4.18,KR,1644186275
444,Trelleborg,55.3751,13.1569,34.95,80,92,15.88,SE,1644186207
445,Bonthe,7.5264,-12.505,78.28,86,32,6.76,SL,1644186275
446,Sirte,31.2089,16.5887,60.4,54,74,5.28,LY,1644186276
447,Ulaangom,49.9811,92.0667,-27.71,92,92,2.91,MN,1644186276
448,Rabaul,-4.1967,152.1721,81.59,73,52,6.02,PG,1644186277
449,Severobaykal'sk,55.65,109.3167,2.3,88,95,5.44,RU,1644186278
450,Buala,-8.145,159.5921,83.64,78,100,10.27,SB,1644186338
451,Kirakira,-10.4544,161.9205,83.75,80,97,10.36,SB,1644186324
452,Necochea,-38.5473,-58.7368,64.04,71,86,15.43,AR,1644186339
453,California City,35.1258,-117.9859,69.35,12,0,4.0,US,1644186277
454,Tura,25.5198,90.2201,51.26,80,0,3.29,IN,1644186085
455,Livingston,55.9029,-3.5226,37.13,84,0,8.05,GB,1644186340
456,Columbus,39.9612,-82.9988,36.32,72,0,1.01,US,1644186340
457,Porbandar,21.6422,69.6093,65.5,71,5,7.47,IN,1644186340
458,Saryozek,44.3583,77.9753,26.49,92,100,7.56,KZ,1644186341
459,Ulladulla,-35.35,150.4667,65.3,80,76,11.18,AU,1644186341
460,Terme,41.2092,36.9739,35.53,82,75,5.12,TR,1644186342
461,Marsá Maţrūḩ,31.3525,27.2453,50.2,76,0,4.61,EG,1644186342
462,Mikhaylovka,50.06,43.2379,28.78,88,100,7.52,RU,1644186343
463,Owando,-0.4819,15.8999,74.41,31,49,2.44,CG,1644186343
464,Rakai,-0.72,31.4839,62.78,80,39,3.4,UG,1644186344
465,Homer,59.6425,-151.5483,33.69,82,100,18.41,US,1644186079
466,Orlik,52.5178,99.825,-12.46,92,58,2.66,RU,1644186344
467,Shahreza,32.0339,51.8794,32.2,55,0,4.83,IR,1644186345
468,Angoram,-4.0625,144.0661,75.36,98,100,1.57,PG,1644186345
469,West Fargo,46.875,-96.9004,7.02,68,0,4.0,US,1644186346
470,Makat,47.6469,53.3463,23.97,93,86,8.79,KZ,1644186347
471,Virginia Beach,36.8529,-75.978,39.25,79,75,3.0,US,1644186271
472,Fairbanks,64.8378,-147.7164,-2.7,78,100,0.0,US,1644186219
473,Chivilcoy,-34.8957,-60.0167,71.02,10,26,10.0,AR,1644186347
474,Hay River,60.8156,-115.7999,24.78,80,75,8.05,CA,1644186279
475,Flin Flon,54.7682,-101.865,-0.56,65,100,8.05,CA,1644186348
